id,feedback
1,Best Mexican food I've had in years. Will definitely return!
2,Drinks were good but food was just average.
3,Premium quality materials. Can tell it will last.
4,Functional but not user-friendly.
5,Great documentation and tutorials. Easy to learn.
6,Kids menu was excellent. Family-friendly atmosphere.
7,Way too expensive for what it offers. 19.99/month is ridiculous.
8,Fast loading times even with slow internet.
9,Customer service helped me with size exchange quickly.
10,Color was completely different from website.
11,Accessibility features are well implemented.
12,Great value for money. Quality exceeded expectations.
13,Service was extremely slow. Had to ask for water multiple times.
14,Fits perfectly! Size chart was accurate.
15,Too many ads. Can't use without premium.
16,Decent Italian food for the price point.
17,Offline mode works flawlessly. Perfect for travel.
18,No API access in basic plan. Feature locked behind paywall.
19,Standard product. No surprises good or bad.
20,No vegetarian options at all. Very limited menu.
21,Kids menu was excellent. Family-friendly atmosphere.
22,Security features are top-notch. Feel safe using it.
23,No offline mode. Useless without internet.
24,Staff went above and beyond to accommodate our dietary restrictions.
25,Standard features. Nothing stands out.
26,Incredible wine selection. The sommelier's recommendations were spot on.
27,Fair pricing. Average delivery time.
28,App crashes every time I try to sync. Completely unusable.
29,Better than expected! Photos don't do it justice.
30,Overpriced for what you get. Found better elsewhere.
31,The ambiance was perfect for our date night. Highly recommend!
32,Notifications don't work. Missing important updates.
33,Beautiful presentation and exquisite flavors. A true culinary experience.
34,App crashes every time I try to upload a photo. Completely unusable.
35,Reporting features are powerful and customizable.
36,"Fair pricing, average quality."
37,Export feature doesn't work properly. Data gets corrupted.
38,Customer service helped me with size exchange quickly.
39,Performance is incredibly slow. Times out constantly.
40,Decent quality for the price point.
41,Interface is a bit dated but functional.
42,Great value for money. Highly recommend this headphones.
43,"Does what it promises. Nothing more, nothing less."
44,Standard fare. Would go back if in the area.
45,Not bad but not amazing either.
46,Absolutely delicious food! The steak was perfectly cooked.
47,Love the latest update! New features are exactly what I needed.
48,Staff went above and beyond to accommodate our dietary restrictions.
49,Standard features. Nothing stands out.
50,"Acceptable for a quick bite, not for special occasions."
51,"Some features work great, others are buggy."
52,Fast shipping! Arrived 5 days earlier than expected.
53,Functional but not user-friendly.
54,"Free version is okay, not sure if premium is worth it."
55,Shipping took 6 weeks. Way too long.
56,Menu hasn't changed in years. Getting very boring.
57,Average software. Considering alternatives.
58,Regular updates with new features. Developers listen to feedback.
59,Excellent customer support. Issue resolved in minutes.
60,Works fine for our basic needs.
61,Best note-taking app I've used! Intuitive and fast.
62,Software crashes when handling large files. Unreliable.
63,"Some features work great, others are buggy."
64,Vegetarian options were creative and delicious.
65,Uptime is excellent. Never had downtime issues.
66,Noisy and cramped. Could barely have a conversation.
67,Drinks were good but food was just average.
68,ROI was clear within first 6 months.
69,Discount code worked perfectly. Great deal!
70,Easy return process. No questions asked.
71,"Good for basic use, lacks advanced features."
72,"Some features great, others need work."
73,Product broke after 2 days. Terrible quality.
74,Export feature doesn't work. Lost all my data.
75,Missing parts in the package. Incomplete order.
76,Standard fare. Would go back if in the area.
77,Offline mode works flawlessly. Perfect for travel.
78,"Hit or miss. Some dishes great, others mediocre."
79,Software crashes when handling large files. Unreliable.
80,Great value for money. Highly recommend this shoes.
81,"Good for basic use, lacks advanced features."
82,Great documentation and tutorials. Easy to learn.
83,Interface is a bit dated but functional.
84,"Product is okay, customer service could be better."
85,Fast service without feeling rushed. Perfect for lunch meetings.
86,Too expensive for small businesses. Pricing is unfair.
87,Drinks were good but food was just average.
88,"Food was okay, nothing special. Average experience."
89,Works fine but could use some improvements.
90,Waited 60 minutes for our table despite having a reservation.
91,Offline mode works flawlessly. Perfect for travel.
92,"Does what it promises. Nothing more, nothing less."
93,Constant bugs and glitches. Very frustrating.
94,"Hit or miss. Some dishes great, others mediocre."
95,Absolutely delicious food! The salmon was perfectly cooked.
96,Good location but food could be better.
97,The burger was undercooked and had to be sent back.
98,Reporting features are powerful and customizable.
99,"Clean, modern decor with a cozy atmosphere. Loved it!"
100,ROI was clear within first 2 months.
